product_id,question_id,question_text,question_date
1,84e9b80a-d092-47e3-92ba-59e660634d56,Est qui quaerat repellat.,7 months ago
2,f3d42b08-2ac1-42e1-a12e-5c6d8303cc05,Veniam voluptatem atque temporibus et et incidunt.,7 months ago
3,8235a8c7-05a4-4b14-a3ef-8492a2a9dc15,Consequatur hic velit dolorum.,5 months ago
4,fb7e2484-86b7-4c62-88ab-880e3e533193,Sint quia ea aspernatur pariatur aperiam adipisci exercitationem in velit.,1 months ago
5,e1a19752-2bb4-4498-9a31-b0d4ff1a80c4,Vitae perspiciatis sit corrupti recusandae voluptas nostrum hic labore sit.,8 months ago
6,7c036367-8f1d-4225-b463-b61e19fd0f0c,Inventore iste veniam qui porro maxime et in rem.,6 months ago
7,8c431014-a1d7-47ba-a68c-b20886dd10f7,Neque nemo voluptas.,6 months ago
8,bf2346ec-d24c-4eac-87db-9efc6ebd3b4b,Earum quia voluptate est possimus in.,3 months ago
9,9d29a705-2812-4bb5-ad4d-fb0c906aacfd,Et et et.,7 months ago
10,35b99b8c-b8aa-4aac-905e-10a34af4a830,Ea labore est.,0 months ago
11,e3a2e040-958a-4bfc-b171-3514b890e0d5,Dolor ratione repudiandae qui vel aut culpa aut.,11 months ago
12,c1db64f5-8317-4d0f-a442-259886c14066,Sint saepe inventore ut veniam.,5 months ago
13,d9836223-4d6e-491a-8e24-d3602798719e,At eveniet error et aliquid.,0 months ago
14,1f139d60-187a-4820-b708-4535aac01a1e,Illo sit ut maiores cum repellat dolorem.,5 months ago
15,4ca0f6b2-8796-499d-a062-1931bd368ae8,Et quidem in.,2 months ago
16,2a40ca4c-d666-4f48-8146-a68f5531e6f0,Sed nostrum accusantium voluptas et quos adipisci molestiae.,10 months ago
17,c4c42b2b-ce76-4e3f-b25d-0279e1bf671b,Autem doloribus doloremque aut omnis.,11 months ago
18,7773a1f5-ec98-4e45-8d08-31001061642d,Cum ab dolorem voluptatem aut expedita repudiandae dolore.,9 months ago
19,0a61ffa8-ce2d-4ceb-b320-918e98586c17,Necessitatibus fugiat et ad aut nesciunt nemo architecto deserunt possimus.,7 months ago
20,0561de9d-5b65-41a3-82e2-1efcdd35f086,Fugiat delectus impedit quasi incidunt et autem iure corrupti ab.,6 months ago
21,b228c438-3218-4afa-8f24-01606c908b5b,Placeat non labore dignissimos architecto necessitatibus.,8 months ago
22,787e5749-df6c-432c-9200-119a0cbfb2f0,Quibusdam est aut tempore quam.,4 months ago
23,7071d950-4f4a-45ef-b07d-de266d751183,Sed cumque debitis aut sed ea.,7 months ago
24,b958cea1-3c85-4fc3-a97b-c623211c2293,Quisquam aliquam impedit sit quis assumenda.,11 months ago
25,cefd519b-2077-4fd2-b23e-a7d0819c41a0,Quod qui molestiae voluptatem ipsum eius et.,8 months ago
26,9f807a22-c43b-45a6-9faf-3429a1e95b20,Eius modi nostrum voluptas quia tempora in quas nesciunt nihil.,0 months ago
27,e384e841-acea-4c11-b576-a058940407c8,Excepturi quis ratione porro nemo expedita sed laudantium.,9 months ago
28,446c8b56-9ff8-499d-bbc0-0668432475f2,Magni aut quidem a illum.,1 months ago
29,ac543d02-3601-4068-884e-0b032f246b2b,Voluptatem molestiae id facilis deleniti.,9 months ago
30,2edfe1d6-f6c2-4ded-8ed7-2210616241df,Ut iure non est ad qui a id accusamus.,0 months ago
31,d021baa0-5b8f-4a94-a386-1947864471c9,Dolor saepe voluptatem et vel.,0 months ago
32,f4c6191b-a852-4db5-9721-c2c7270f55e1,Cumque nihil illum.,7 months ago
33,88d7ba24-813d-4ce2-b1c3-1066bb16b568,Eligendi ullam libero ipsum non.,9 months ago
34,8370e9e9-3a93-4ce1-9f67-69d091f1f531,Impedit esse numquam qui qui fugiat dolores repudiandae magnam vel.,3 months ago
35,0e564dfa-5dde-475c-a72e-3d43d99c5581,Expedita aliquam et explicabo enim officia saepe sed cumque non.,3 months ago
36,2057013c-0214-4483-8297-cd1fe858d6fc,Repudiandae dolorum minima.,0 months ago
37,b5b5c9de-f00b-456b-82f2-812d2db43c12,Laudantium quidem dolor.,7 months ago
38,604eac5d-2a74-4f4c-845e-04f619756a65,Ea et provident alias quia sed.,10 months ago
39,e4a8d32f-643e-4599-b4d1-52d9d36c3e03,Assumenda magnam sint harum et ea deserunt accusantium aliquid.,4 months ago
40,7e6f2747-608f-489e-9882-a99f149797be,Autem ut numquam in quos et dolorem voluptas.,7 months ago
41,545aa35f-248a-4430-b53b-4c260f2710a1,Deserunt culpa dicta aspernatur iure qui.,6 months ago
42,90e6031c-a40f-45fe-9c21-69d291de5840,Modi ad iusto fugiat voluptatum enim consequatur saepe.,9 months ago
43,ba897c34-fc69-4611-9481-5da64ea83a90,Reiciendis atque aut placeat aperiam asperiores veritatis.,5 months ago
44,73938849-31b8-4571-ac2d-8e41ae8ba1d1,Nihil quo quo.,11 months ago
45,576c8a59-3ae2-4682-8465-4886bf95f875,In omnis nesciunt et distinctio.,3 months ago
46,e42258c9-b0e3-44e4-9f45-301518e19082,Facere quos voluptas consequatur aut culpa sequi sunt.,3 months ago
47,18e7810a-f481-4704-af93-937528225804,Molestiae tenetur hic.,5 months ago
48,55a0e895-6ead-4896-bd8d-7201c4df5d49,Porro sed accusamus nostrum.,8 months ago
49,21df8f5d-14aa-4a8c-a6db-0ed8cccad118,Perspiciatis eius suscipit ut dicta tempore omnis perspiciatis molestiae nostrum.,5 months ago
50,a89b56ab-7bb4-4296-a8d9-67609093049c,Quam incidunt sed sapiente.,7 months ago
51,55b9f9c6-f199-4c77-a76d-1a708758c571,Ut doloribus quasi dolores vitae explicabo illum dolor sequi qui.,10 months ago
52,2febdb99-ec2d-4c52-8500-7a59deaad1b9,Voluptatum sed at facere perspiciatis praesentium dolor quia.,2 months ago
53,1f4427c8-cc64-4e1f-bb6e-e4cec4e77379,Ut quisquam eos porro in nesciunt blanditiis.,11 months ago
54,07c8c6e5-a3ea-4c79-93dd-b14e533c08b2,Quibusdam nihil non qui quae suscipit.,11 months ago
55,278d6586-7372-448e-a042-f6a265ffce4a,Excepturi natus cupiditate repellendus doloremque cupiditate quia.,2 months ago
56,6cdf05ee-c7f3-4b59-aae5-920448d0b8aa,Velit aperiam ut voluptatem ut laborum perferendis commodi soluta iure.,6 months ago
57,24c86ebb-e25d-49bb-b5b7-90ba86e48eea,Aut sunt laborum consequuntur provident qui ad dolores vitae et.,2 months ago
58,5c02261a-9028-4781-a406-0d6436dde209,Est vel iure dolores in debitis.,8 months ago
59,6e3d9b3a-2a28-4ebe-9128-67836cb874c8,Sit commodi quod ea.,5 months ago
60,aac464c8-0b24-4c83-88ce-6afbf0280869,Dolorum iure ad nobis harum.,4 months ago
61,908c96e6-c7e9-4313-a92b-b4024cbc912a,Quas dolorem itaque velit aperiam quis ut voluptatibus.,9 months ago
62,b23564ca-c696-4fb1-95d1-477af72560f7,Amet eos aut id ipsam sequi corporis expedita pariatur exercitationem.,6 months ago
63,732ff983-99b7-4b90-b034-678285a6955d,Eligendi laboriosam aut doloribus.,9 months ago
64,f61dbb83-b79f-4680-87cc-f1746adee493,Perspiciatis earum nam ipsam quia et eum ut nemo fugiat.,9 months ago
65,f656c541-afe0-40b5-b2e6-5166b91c85b8,Eveniet provident voluptas ipsum.,10 months ago
66,e1b6594e-da9a-4227-89d0-f9691b7c6997,Repudiandae provident rerum dolorem nisi aut est.,1 months ago
67,8d94d9e8-5229-435a-b349-cb479a5c1193,Aliquid omnis repudiandae occaecati perferendis omnis.,11 months ago
68,af197c74-21fd-41a5-b656-95563ebf4cbc,Tempore quisquam autem repellat omnis rerum eum pariatur omnis.,2 months ago
69,4cae78aa-95bf-43bb-b0c2-4a460d667cfe,Est voluptate itaque unde sunt qui.,10 months ago
70,a2dbac94-e44d-4557-9cb2-b2a77bbb8398,Quia vero nesciunt distinctio incidunt non deleniti.,2 months ago
71,17adb65d-1e2c-45af-9b56-306387e8d366,Porro vitae nam veritatis suscipit sapiente et ullam minima.,9 months ago
72,d5d7bc7f-2a0b-43e8-beab-a1f1208c80fd,Magni reprehenderit officia.,6 months ago
73,4ba7e8e2-3f97-419e-8bee-7a5f99580b73,Deleniti alias aut ut ut dolorem.,3 months ago
74,ab3d56b3-a8c4-44e6-b28d-aef372966eb8,Voluptatum veniam enim facere veritatis et.,6 months ago
75,9391d70b-0753-492a-9512-281d9e2ee482,Ut molestias ut unde.,4 months ago
76,e64307c9-dd79-4938-85f0-0d7ba0b9be99,Modi harum eum reprehenderit blanditiis cum.,7 months ago
77,d60141b9-6b6d-45ee-84cc-6e65052b9758,Architecto in consequatur aliquam sint soluta.,4 months ago
78,cff9ea4d-87d6-4b8d-b6a7-5f14eb8a94e4,Aut quos earum.,2 months ago
79,7c589d06-3c68-4e1e-9979-443dce7a9278,Modi aut et atque eum vero atque.,4 months ago
80,fdc38bc6-861f-41c4-ad83-6e002dd540cf,Tenetur voluptatem quia quia sunt ab ut tempore.,8 months ago
81,1936f7d8-a8a2-4a49-ad81-26aaeef25d58,A modi dolorem qui.,8 months ago
82,1e5b83bb-a93a-4498-a0c0-56f2a267d709,Et eos velit aut.,7 months ago
83,6309c55e-22da-40ce-b307-93cb0e985030,Qui eveniet est similique incidunt dignissimos at.,2 months ago
84,2db6d588-4a53-487f-8078-fd73bcf05872,Eligendi corrupti voluptates id consectetur dolor quam qui ut itaque.,0 months ago
85,e94d6a71-3a29-4f25-9282-bff0c17a5c68,Aspernatur dicta magnam quia.,8 months ago
86,cb3cb03b-64e2-4e2c-acd3-43693d5d414a,Reiciendis ut consequatur ea est.,7 months ago
87,20c2ef46-f369-4ca7-812d-ee3d66ac7ac7,Rerum amet id tenetur itaque temporibus neque.,3 months ago
88,d9f464ae-de9d-4f7a-bbce-7d3e8d209bf7,Minima vel numquam accusantium.,6 months ago
89,43d96b3d-b428-4141-aa49-407aed2eddf0,Laudantium odit et eos.,5 months ago
90,da7f9beb-ae69-45aa-9d4d-592b1d124273,Dolorem sunt ex.,11 months ago
91,a1963667-1ec4-4ff5-be8b-b537a27d85bc,Deleniti eveniet excepturi suscipit nulla ea et natus.,5 months ago
92,c5f3f723-1128-4a9a-80af-e0ec45b6baf7,Rerum qui repudiandae nisi debitis necessitatibus asperiores nulla.,5 months ago
93,9d78c77c-6aca-4395-b675-2bf223f475c1,Ex amet sit quibusdam similique quisquam at molestiae voluptas.,4 months ago
94,95ec45a8-37da-49bb-a7a3-5a69ecf582ac,Omnis accusamus aspernatur distinctio vel molestias non maxime.,7 months ago
95,99d8f4f1-3b3d-401a-bd9f-aadfb6471783,Minus voluptatem est dolorem nulla voluptatibus.,3 months ago
96,2337466c-f01c-454d-a893-4ae816232255,Minus facere asperiores officiis ipsam aperiam.,6 months ago
97,4da680cf-c902-412a-a9cd-d86b5c0d77c8,Ab voluptas harum necessitatibus et accusamus culpa unde qui quas.,10 months ago
98,0a6c496c-8559-4510-8ed9-0e2f091a0d0c,Illum provident asperiores delectus aut maxime aut sint nemo eum.,6 months ago
99,a2f0d326-7363-469c-93c8-7fd87d62c79f,Enim magnam fugit quidem voluptatem impedit eligendi aperiam modi ut.,9 months ago
100,e8a2223c-e71a-4f74-bc72-560a1e385ce8,Libero eum debitis labore est error.,2 months ago
