user_id,username,email,location
f496efee-fcef-4738-8daf-2a0f8325ec15,isaac.collins39,ilene_fahey@yahoo.com,"Lake Roseborough, IA"
1fbffc1a-6005-49a9-8c87-ae12794eaad8,brionna.morar82,norval.oberbrunner@gmail.com,"Port Emely, MN"
dbd23cd6-c6cd-4104-9628-0e227305d115,ellie13,freda_rath@yahoo.com,"North Olga, MA"
39e21a37-5333-4293-a43e-3498be0914af,isaac4,modesta25@hotmail.com,"Lake Angie, NY"
61bc7e80-cb4e-47e7-99b2-e367e435cf04,brielle.durgan,heath56@yahoo.com,"Bradview, VA"
4ae8f1ce-9158-4b40-9316-121fb2dc3b6f,hassie40,hazel_mcclure60@gmail.com,"West Arnoldport, UT"
94c33f30-1ba7-489c-9f68-713c57bcf50c,leif66,lura12@hotmail.com,"West Herminia, CA"
3c4f41df-1110-4221-80b1-fd52ca0e1235,finn81,emerson_beier28@yahoo.com,"Lake Andremouth, NE"
d06fbe34-e3ac-49c6-93dc-97b17f75a479,mollie85,aleen_strosin@hotmail.com,"Kenyattamouth, SD"
a4417fc3-fb2f-454a-b654-240f306c5168,scottie_kreiger37,bridget95@yahoo.com,"Port Marquis, AL"
25e76ea6-4450-4727-81fe-6cfb35a3248b,ken_welch95,osvaldo_buckridge3@hotmail.com,"Danialside, AR"
7f5a8464-7555-45c8-a1c1-3efa6752ac4e,ramona.anderson44,izaiah26@yahoo.com,"New Wilfred, NV"
d976426a-e190-4da1-8044-f6aaa766224f,isac_oberbrunner,rupert26@hotmail.com,"South Kavon, OK"
30644bb7-e22e-4830-b285-62285e0d81bb,lizeth_hand61,orville_weimann10@gmail.com,"North Hattie, WI"
fd3872fc-49c3-45c6-9a34-56f62d4a9cf3,leif52,kaleb_reilly@gmail.com,"South Martin, AZ"
e8b93509-5a5a-42f0-93aa-d36df16cb6a1,ashlynn75,cheyenne.mccullough@hotmail.com,"Rohanland, NM"
18a245c4-2463-4c37-8910-9ac4699b5013,claudie.sporer,shyanne44@yahoo.com,"Port Arlieton, NH"
34bb9094-a458-476e-8579-3e79c28fc815,solon50,birdie.frami28@hotmail.com,"Alessandrashire, MS"
d7a6bb26-ef9d-4ef8-9140-d0b1b2701da4,brenna.emard61,thad45@hotmail.com,"New Katarinatown, HI"
9d9ddd8a-d152-4a6f-94cf-459430bdc5a8,kathryn_larkin,linwood.herman@gmail.com,"West Jaylon, RI"
5f43a0bb-15e5-4c79-b3a2-1fd04a2287b4,amelie78,diana.hoppe50@hotmail.com,"Crookschester, VA"
f5313f16-ae65-4a52-b2ba-00e69bb4e507,margarete.blick,hal7@gmail.com,"Port Janessa, WA"
b7802a24-0349-45ba-93d3-58017081b8ea,laverne_turner42,dora49@yahoo.com,"Pagacbury, DE"
26ca321d-1233-4c2c-ba12-9e92d63ab947,daphney_ledner,ezra.conroy@gmail.com,"Barneyside, GA"
8c58b7d1-5522-4314-9c14-7e1feebe4ef3,nolan60,devyn_friesen20@yahoo.com,"Port Joanneville, MT"
325c1d78-7202-4494-b33a-e8dc06b549fe,morris_roob44,elza_kuphal15@gmail.com,"Maggioland, SD"
40cdf3cb-6182-45a7-b92a-cb343e87ead1,victoria.romaguera24,travis.friesen@gmail.com,"Dickinsonville, WY"
553ae6c1-afb9-422f-84e2-c395f3f7e331,michele_bauch33,aiyana15@gmail.com,"Nicholausland, HI"
a40640ec-644e-4877-a736-f2077aeb9e6a,george18,jayda_pollich18@yahoo.com,"Lake Janelleburgh, TN"
1abbdfbf-e252-4507-9ac2-b6e78710af0f,aurelie35,carole.friesen69@hotmail.com,"Lake Fernborough, IA"
f72a2c9f-47d9-4816-83df-0a35dee716cf,arch_murphy,kattie.wolf27@yahoo.com,"Lake Americamouth, NE"
8726feae-f78e-4050-af61-3c38da746a31,keith.harvey,yessenia_vonrueden@hotmail.com,"North Luzmouth, KS"
6eec6feb-9b75-4567-a3a2-fd71ab3ae217,dortha.mraz41,roy_yost@hotmail.com,"North Isaiahbury, FL"
967d383f-4413-443e-acb7-6a6711d8d2ac,alycia1,ali.lang@gmail.com,"East Manueltown, PA"
ba0cdce3-18d9-475e-8e7d-f6d48ed85d82,christop.braun,antonia_walsh@yahoo.com,"Janessamouth, SD"
00278b5d-b75a-4e16-a4af-069dc994f40d,brianne_mosciski,vanessa_kub@yahoo.com,"Breitenbergton, IN"
64ade685-efcf-47d4-ba7b-d7754b06c6e2,ruben_satterfield62,camren_wehner25@gmail.com,"West Jayden, DE"
55af00fb-bee5-4fd4-97a0-5825ec7fecf1,trystan.stroman20,alfred_homenick@yahoo.com,"West Benny, OK"
b7b10fae-a795-4848-8c7f-f415cfc4b5b7,isabelle_rice22,hermann.pagac@yahoo.com,"Robelbury, KS"
c924b891-4d67-477d-904d-fe48d37edc51,americo20,earnest.rogahn@yahoo.com,"Langworthmouth, NH"
d0393470-ab97-4f54-be0c-779fda44b2ba,jaylin.swift92,lauren.larson@gmail.com,"Wolffhaven, TN"
60cba145-91c5-42f3-8b3e-22013fe5897f,claude_tromp,brielle.wilkinson@gmail.com,"North Opaltown, KS"
e5c13062-2939-4616-97c4-fb75a7ea86e3,houston49,burnice_nitzsche@gmail.com,"Katrinestad, CT"
239bec4b-395f-4708-a04b-cdaf6cb997ae,nestor_considine,jovanny52@yahoo.com,"Emardborough, WI"
f71d7268-9b6b-4880-84cf-bac1c67e6c85,peyton54,mckenna_von@hotmail.com,"Murrayburgh, NH"
289e210f-2b86-4480-b35c-150300da564e,gustave85,genoveva_cummerata69@yahoo.com,"Gloverburgh, SD"
b7ea5a86-e77e-457e-ba03-1d80d5a868bf,christ88,dorothea19@yahoo.com,"New Aniya, SC"
68656833-e643-4813-9863-3ef5fc83b9dd,alexander.crooks,keith94@gmail.com,"Schmelerside, ME"
1bb1ad1b-3a9f-4cc3-8fb1-f688729efa7c,yadira.green89,kaleigh97@gmail.com,"West Darrelhaven, KY"
556ee991-371f-4481-834b-0ed561481f3a,elisha_conn,tyreek_friesen@yahoo.com,"New Burleyton, CO"
eb03b8ac-0286-4c92-b06e-2c4a5621101d,marta.mertz,monte_ward@gmail.com,"North Audraport, WY"
ae88635b-43c5-437c-9fc5-f62b84a1b111,elena47,brandy.reichel69@hotmail.com,"North Anyashire, WV"
bb79315d-94f1-475a-a2ad-38c3538b0294,annabel_baumbach,jaylen.dickens@yahoo.com,"Schmidtstad, MD"
704906ab-f204-42c5-8afb-7aa635ba3ce1,chris.ullrich,dorthy10@hotmail.com,"Port Velvachester, UT"
007e2466-b345-4bf8-b89a-4ca889541d94,camryn_weissnat68,darren77@yahoo.com,"East Lavada, TN"
07dcec67-8204-428d-8414-5b396ef54447,taurean91,margarete79@yahoo.com,"New Parishaven, WA"
42693705-f5b1-4bd7-9b65-7553b090b1f5,marjory.russel,ubaldo_kessler@yahoo.com,"Connerbury, MO"
1a5a7c0f-3d8d-4055-9278-93945c99c3c5,daphney.koelpin29,timothy.jacobson37@gmail.com,"Kleinfurt, KY"
1302722e-ef51-4ea3-be78-ba3b2e0644b5,pearlie_ohara,amina_harvey@yahoo.com,"Lake Letitialand, CT"
ebd23b90-20cf-4344-b49c-d8ced1a7dd66,lolita.hilll,billie_schimmel@yahoo.com,"Katherineview, ND"
392628ce-cb27-4a8a-8af4-ef3019a7ab69,carroll.rippin,kristoffer21@yahoo.com,"Dibbertmouth, DE"
b2b2b3ec-edae-42d2-b86d-2902fedfdc67,gino_anderson93,stephon.fay97@hotmail.com,"Reichertton, MD"
303e7bc7-646b-4a3d-96b4-c2b1ad5c3739,arturo_kautzer,garland.turner@gmail.com,"Devantemouth, NV"
b6e6b743-43dd-4aaa-af51-3026e4755c0c,khalid.abbott,meaghan.gibson16@gmail.com,"Sherwoodstad, CA"
0f8806e4-552a-4f66-8379-bbabbc7aa7aa,earl60,justice.mayer@gmail.com,"West Eugeniastad, WY"
a78972e8-04ba-4445-9018-5054a5bc1687,mortimer4,guillermo_block75@gmail.com,"East Gisselleville, TX"
41eeeeac-d309-403b-8716-b838c2980519,arvel_spencer,camila_rath@hotmail.com,"Kertzmannmouth, MN"
6aeaf844-5975-4431-a8ef-15921137633f,sigrid_dickens,anne32@yahoo.com,"Legrosview, OH"
64132049-802f-44a0-bfbe-35297fee7e43,ernestina33,darian.brekke@hotmail.com,"Cortezland, MA"
1c5e699c-d7e7-449c-9c62-9354df4fb767,georgette29,riley.padberg@gmail.com,"Keegantown, IL"
828dd1f7-6203-4315-b51e-cc2ba6b976e7,bart.dicki93,matt.kshlerin16@yahoo.com,"Weberborough, WV"
40fb6107-bb46-46b5-92b2-7cec916dd923,sharon56,lavonne.brekke@hotmail.com,"Ivyville, ME"
1de6e4b2-a3bb-4a13-ad36-3d38b4c6e398,kayla.kuphal,aisha_bradtke99@hotmail.com,"North Keyonburgh, GA"
9a1bd610-b3a2-4e60-8f32-e4f83e76f358,izaiah.prosacco69,myrtis74@hotmail.com,"Grimesborough, UT"
a5c915be-6f9b-48d8-9fd9-3c129be10b67,syble_dicki,gabriel64@yahoo.com,"West Roxaneberg, OH"
693d96a2-cf12-43e1-ad59-6b872e9610b0,coleman75,shaniya32@yahoo.com,"Port Eudora, IN"
d90260f8-66fb-450f-893c-887be460ec1d,brycen_hahn,river.ward87@gmail.com,"South Floy, ID"
596901cb-8330-4113-a99c-3e354295b4db,rossie98,jeremy85@yahoo.com,"East Toreyview, TN"
cfd78e36-f5a8-4216-ac90-b2b3f19772d5,august46,daija.bins@gmail.com,"New Edgardo, SC"
ae46004f-2cd6-460e-b9d5-b529af740fe5,joseph_lowe22,lucinda_hintz79@yahoo.com,"New Charlotte, CT"
feb9e097-a156-45ec-b5e3-ced98b6b2396,melody61,jasper_morissette29@gmail.com,"Ziemechester, VA"
ad64ad5d-d001-4a3f-9f5e-a4311d58e557,camden_nolan66,jakayla_quitzon@gmail.com,"Port Lydiaton, VA"
17f01c04-cd1e-46cf-981b-271cf025ae29,elise.rohan,camille.dibbert23@yahoo.com,"Schummmouth, TN"
bfcaa441-3ff6-4ccb-a770-46e68386048f,kenyon.barrows,anibal.purdy@yahoo.com,"West Marcelinoshire, CT"
7b798c8a-41dd-4890-b8ee-590c133ef11d,hailee.bernhard30,eric16@gmail.com,"Lake Kamren, AZ"
6e7e91a6-65d2-4b7c-9861-63f3ddfda0bd,sven_haag,beverly3@yahoo.com,"Ortizview, AR"
63267359-2653-4a33-923b-49162d1ea854,christophe_batz83,cade_brekke@yahoo.com,"Nonashire, TX"
39c4b9f2-d0b3-41a7-a600-9a2f2b9bcfa0,matteo.luettgen,chelsea0@hotmail.com,"East Nikita, MI"
ec38bf52-96d8-4095-8751-83f4166547e0,carlo8,everette_swaniawski89@gmail.com,"Jasminport, AZ"
4c94e12d-d44b-43b9-90ba-32052887b1e5,alvera.connelly93,adriana_mills95@yahoo.com,"Haleytown, OK"
23333376-d9f2-45be-8275-71328a2e5764,elroy.lind,luna_wisoky@gmail.com,"West Elwin, PA"
d30c2995-12ed-4b70-bb67-f8a818eb5277,sabryna_quigley,shaina31@gmail.com,"Hermannfort, VT"
18ae7af6-f32d-4103-b5e0-55ccc178e95f,alphonso_mclaughlin,jedediah.luettgen@yahoo.com,"Port Martyview, HI"
9785e2f0-dacb-471b-a701-b5f4614764f4,gregg86,delpha.daniel@hotmail.com,"New Pascaletown, CO"
6d65537c-0ae8-44b1-8701-79a3c274ead9,ellie25,dale.okuneva19@hotmail.com,"East Oscarview, VT"
279d93bd-35e1-4c3d-956a-c43d7d5afa8c,opal_ward80,rahsaan80@hotmail.com,"Lubowitzview, FL"
854c67a5-3ba4-4aa2-81c8-71364bf8d848,ahmed_walter,carleton_rau@yahoo.com,"Okunevashire, HI"
88199748-18ec-4a45-914e-be173242fd64,stone_hagenes,meaghan.kuhic@hotmail.com,"New Earline, HI"
d63a886d-a428-4474-9874-0de79f5a9142,bartholome34,fae_carroll69@gmail.com,"Heaneytown, MT"
73075c44-82a4-4b86-8e9a-f71364ea8d11,brandon.stanton,miguel_schmidt@hotmail.com,"South Milfordland, DE"
